{
    "total_runtime": 310.9204411506653,
    "num_documents": 1,
    "input_load_time": 0,
    "workflows": {
        "create_base_text_units": {
            "overall": 1.9980590343475342,
            "0_orderby": 0.004411935806274414,
            "1_zip": 0.0017740726470947266,
            "2_aggregate_override": 0.004686117172241211,
            "3_chunk": 1.9629549980163574,
            "4_select": 0.002672910690307617,
            "5_unroll": 0.0038101673126220703,
            "6_rename": 0.0015518665313720703,
            "7_genid": 0.0041730403900146484,
            "8_unzip": 0.0021851062774658203,
            "9_copy": 0.001737356185913086,
            "10_filter": 0.006946086883544922
        },
        "create_base_extracted_entities": {
            "overall": 118.14205384254456,
            "0_entity_extract": 118.09649181365967,
            "1_merge_graphs": 0.04334211349487305
        },
        "create_summarized_entities": {
            "overall": 53.920088052749634,
            "0_summarize_descriptions": 53.91752791404724
        },
        "create_base_entity_graph": {
            "overall": 0.07459211349487305,
            "0_cluster_graph": 0.06891107559204102,
            "1_select": 0.003072023391723633
        },
        "create_final_entities": {
            "overall": 6.0528600215911865,
            "0_unpack_graph": 0.0259859561920166,
            "1_rename": 0.003259897232055664,
            "2_select": 0.0044519901275634766,
            "3_dedupe": 0.005654096603393555,
            "4_rename": 0.003762960433959961,
            "5_filter": 0.010641098022460938,
            "6_text_split": 0.0053827762603759766,
            "7_drop": 0.0037679672241210938,
            "8_merge": 0.0190279483795166,
            "9_text_embed": 5.941076040267944,
            "10_drop": 0.0074291229248046875,
            "11_filter": 0.019418954849243164
        },
        "create_final_nodes": {
            "overall": 0.40883398056030273,
            "0_layout_graph": 0.0957651138305664,
            "1_unpack_graph": 0.03234505653381348,
            "2_unpack_graph": 0.14355897903442383,
            "3_drop": 0.005265951156616211,
            "4_filter": 0.014526844024658203,
            "5_select": 0.005760908126831055,
            "6_rename": 0.006894111633300781,
            "7_join": 0.06647586822509766,
            "8_convert": 0.02749776840209961,
            "9_rename": 0.006086826324462891
        },
        "create_final_communities": {
            "overall": 0.21651577949523926,
            "0_unpack_graph": 0.029111862182617188,
            "1_unpack_graph": 0.03095102310180664,
            "2_aggregate_override": 0.009505033493041992,
            "3_join": 0.011076688766479492,
            "4_join": 0.010735034942626953,
            "5_concat": 0.006285667419433594,
            "6_filter": 0.045073747634887695,
            "7_aggregate_override": 0.012279033660888672,
            "8_join": 0.009125947952270508,
            "9_filter": 0.01462101936340332,
            "10_fill": 0.006598234176635742,
            "11_merge": 0.00997018814086914,
            "12_copy": 0.007414817810058594,
            "13_select": 0.007770061492919922
        },
        "join_text_units_to_entity_ids": {
            "overall": 0.03201484680175781,
            "0_select": 0.007071018218994141,
            "1_unroll": 0.0076138973236083984,
            "2_aggregate_override": 0.0102691650390625
        },
        "create_final_relationships": {
            "overall": 0.1599581241607666,
            "0_unpack_graph": 0.04904890060424805,
            "1_filter": 0.02043008804321289,
            "2_rename": 0.007812976837158203,
            "3_filter": 0.02462005615234375,
            "4_drop": 0.008780956268310547,
            "5_compute_edge_combined_degree": 0.010048866271972656,
            "6_convert": 0.018748760223388672,
            "7_convert": 0.009375810623168945
        },
        "join_text_units_to_relationship_ids": {
            "overall": 0.050115108489990234,
            "0_select": 0.008547067642211914,
            "1_unroll": 0.00912618637084961,
            "2_aggregate_override": 0.013372182846069336,
            "3_select": 0.010089874267578125
        },
        "create_final_community_reports": {
            "overall": 127.6667468547821,
            "0_prepare_community_reports_nodes": 0.014496088027954102,
            "1_prepare_community_reports_edges": 0.011592864990234375,
            "2_restore_community_hierarchy": 0.011833906173706055,
            "3_prepare_community_reports": 0.13421320915222168,
            "4_create_community_reports": 127.46458292007446,
            "5_window": 0.02062082290649414
        },
        "create_final_text_units": {
            "overall": 0.08771824836730957,
            "0_select": 0.011705160140991211,
            "1_rename": 0.013512849807739258,
            "2_join": 0.016148090362548828,
            "3_join": 0.01324319839477539,
            "4_aggregate_override": 0.012192010879516602,
            "5_select": 0.010802030563354492
        },
        "create_base_documents": {
            "overall": 0.11957788467407227,
            "0_unroll": 0.011352062225341797,
            "1_select": 0.010770082473754883,
            "2_rename": 0.010840177536010742,
            "3_join": 0.013117790222167969,
            "4_aggregate_override": 0.012227773666381836,
            "5_join": 0.014147758483886719,
            "6_rename": 0.012562274932861328,
            "7_convert": 0.02381300926208496
        },
        "create_final_documents": {
            "overall": 0.02401423454284668,
            "0_rename": 0.012314796447753906
        }
    }
}